transaction_id,loan_amount,protocol,chain,transaction_type,gas_price,token_volatility,transaction_frequency,risk_score,risk_level
TX001,50000,Aave,Ethereum,swap,25,2.1,3,18,LOW
TX002,120000,Aave,Ethereum,borrow,35,3.2,5,28,LOW
TX003,250000,Compound,Polygon,swap,40,4.5,8,42,MEDIUM
TX004,800000,Aave,Ethereum,swap,70,8.2,15,76,HIGH
TX005,150000,Compound,Arbitrum,repay,30,2.8,4,25,LOW
TX006,950000,Aave,Ethereum,liquidation,85,9.5,18,88,HIGH
TX007,300000,Uniswap,Polygon,swap,45,5.1,9,48,MEDIUM
TX008,75000,Aave,Arbitrum,borrow,20,2.0,2,15,LOW
TX009,450000,Compound,Ethereum,swap,60,6.7,12,65,HIGH
TX010,180000,Uniswap,Polygon,swap,38,3.9,6,35,MEDIUM
TX011,1100000,Aave,Ethereum,swap,95,10.2,22,94,HIGH
TX012,60000,Compound,Arbitrum,repay,18,1.8,2,12,LOW
TX013,350000,Aave,Polygon,borrow,50,5.8,10,52,MEDIUM
TX014,220000,Uniswap,Arbitrum,swap,42,4.2,7,39,MEDIUM
TX015,900000,Compound,Ethereum,liquidation,90,9.0,20,91,HIGH
TX016,40000,Aave,Polygon,repay,15,1.5,1,8,LOW
TX017,550000,Uniswap,Ethereum,swap,65,7.1,13,70,HIGH
TX018,130000,Compound,Polygon,borrow,32,3.0,5,27,LOW
TX019,700000,Aave,Arbitrum,swap,72,8.0,16,78,HIGH
TX020,200000,Uniswap,Polygon,repay,36,3.7,6,34,MEDIUM